{"cameraMode":{"drawMode":0,"name":"Shaded","section":"Shading Mode"},"sceneLighting":true,"audioPlay":false,"sceneViewState":{"m_AlwaysRefresh":false,"showFog":true,"showSkybox":true,"showFlares":true,"showImageEffects":true,"showParticleSystems":true,"showVisualEffectGraphs":true,"m_FxEnabled":true},"in2DMode":false,"pivot":{"x":0.661351203918457,"y":1.8332797288894654,"z":3.881965160369873},"rotation":{"x":-0.008200070820748806,"y":0.975102424621582,"z":-0.03658350184559822,"w":-0.21856406331062318},"size":0.8660253882408142,"orthographic":false}