{"cameraMode":{"drawMode":0,"name":"Shaded","section":"Shading Mode"},"sceneLighting":true,"audioPlay":false,"sceneViewState":{"m_AlwaysRefresh":false,"showFog":true,"showSkybox":true,"showFlares":true,"showImageEffects":true,"showParticleSystems":true,"showVisualEffectGraphs":true,"m_FxEnabled":true},"in2DMode":false,"pivot":{"x":1.6781566143035889,"y":17.658472061157228,"z":8.626601219177246},"rotation":{"x":0.0021323312539607288,"y":0.9898486137390137,"z":0.01484739314764738,"w":-0.14142687618732453},"size":1.8605351448059083,"orthographic":false}