{"cameraMode":{"drawMode":0,"name":"Shaded","section":"Shading Mode"},"sceneLighting":true,"audioPlay":false,"sceneViewState":{"m_AlwaysRefresh":false,"showFog":true,"showSkybox":true,"showFlares":true,"showImageEffects":true,"showParticleSystems":true,"showVisualEffectGraphs":true,"m_FxEnabled":true},"in2DMode":false,"pivot":{"x":-1.0900001525878907,"y":1.8300001621246338,"z":9.100000381469727},"rotation":{"x":-0.00523065822198987,"y":0.7165694832801819,"z":0.005374870728701353,"w":0.6974791884422302},"size":5.2442851066589359,"orthographic":false}