{"cameraMode":{"drawMode":0,"name":"Shaded","section":"Shading Mode"},"sceneLighting":true,"audioPlay":false,"sceneViewState":{"m_AlwaysRefresh":false,"showFog":true,"showSkybox":true,"showFlares":true,"showImageEffects":true,"showParticleSystems":true,"showVisualEffectGraphs":true,"m_FxEnabled":true},"in2DMode":false,"pivot":{"x":-0.9463720321655273,"y":19.327253341674806,"z":4.630084037780762},"rotation":{"x":0.16124629974365235,"y":0.6488990783691406,"z":-0.14340421557426454,"w":0.7296356558799744},"size":16.39815902709961,"orthographic":false}