{"cameraMode":{"drawMode":0,"name":"Shaded","section":"Shading Mode"},"sceneLighting":true,"audioPlay":false,"sceneViewState":{"m_AlwaysRefresh":false,"showFog":true,"showSkybox":true,"showFlares":true,"showImageEffects":true,"showParticleSystems":true,"showVisualEffectGraphs":true,"m_FxEnabled":true},"in2DMode":false,"pivot":{"x":-0.06488052755594254,"y":1.53000009059906,"z":3.5695619583129885},"rotation":{"x":-0.0007828826201148331,"y":0.9961806535720825,"z":-0.08688688278198242,"w":-0.008984469808638096},"size":0.9043163061141968,"orthographic":false}